lab_miseq_sample,lab_miseq_id,lab_mesa_id,mesa_id_meta_data,person_meta_data,raw_reads,filtered_reads,merged_reads,total_tabled_haplotype_reads,no_chimeras_haplotype_reads,total_reads_all_noncontrol_haplotypes,number_of_haplotypes
S1_CSP_1.fastq.gz,BF1,9052_9,MPS9052,9,11326,8096,8043,8043,8043,8041,2
S2_CSP_1.fastq.gz,BF2,9325_1,MPS9325,1,8987,6324,6321,6321,6321,6315,1
S3_CSP_1.fastq.gz,BF3,9278_7,MPS9278,7,12499,7357,7356,7356,7356,7356,1
S4_CSP_1.fastq.gz,BF4,9251_4,MPS9251,4,7571,5399,5395,5395,4984,4984,2
S5_CSP_1.fastq.gz,BF5,9246_5,MPS9246,5,13289,8814,8814,8814,8814,8814,1
S6_CSP_1.fastq.gz,BF6,9246_6,MPS9246,6,14173,9939,9506,9506,7291,7248,8
S7_CSP_1.fastq.gz,BF7,9238_3,MPS9238,3,10480,6987,6848,6848,6291,6291,6
S8_CSP_1.fastq.gz,BF8,9251_1,MPS9251,1,9691,6774,6767,6767,212,212,1
S9_CSP_1.fastq.gz,BF9,9251_7,MPS9251,7,19,6,Removed,Removed,Removed,Removed,Removed
S10_CSP_1.fastq.gz,BF10,9294_5,MPS9294,5,7399,5328,5328,5328,5328,5328,1
S11_CSP_1.fastq.gz,BF11,9060_1,MPS9060,1,5,3,Removed,Removed,Removed,Removed,Removed
S12_CSP_1.fastq.gz,BF12,9312_5,MPS9312,5,18365,12102,12098,12098,12098,12098,2
S13_CSP_1.fastq.gz,BF13,330_2,MPS0330,2,18635,13926,13926,13926,13926,13926,1
S14_CSP_1.fastq.gz,BF14,339_3,MPS0339,3,8,4,Removed,Removed,Removed,Removed,Removed
S15_CSP_1.fastq.gz,BF15,9269_3,MPS9269,3,9560,7095,7095,7095,7095,7095,1
S16_CSP_1.fastq.gz,BF16,336_2,MPS0336,2,18948,13477,13477,13477,13477,13477,1
S17_CSP_1.fastq.gz,BF17,9250_5,MPS9250,5,13489,5945,5893,5893,5711,5711,3
S18_CSP_1.fastq.gz,BF18,9176_3,MPS9176,3,20810,14248,14151,14151,13599,13527,3
S19_CSP_1.fastq.gz,BF19,9136_7,MPS9136,7,3228,2285,2284,2284,2284,2284,1
S20_CSP_1.fastq.gz,BF20,9136_8,MPS9136,8,19593,13799,13799,13799,13799,13799,1
S21_CSP_1.fastq.gz,BF21,9404_7,MPS9404,7,15055,10812,10700,10700,10531,10494,5
S22_CSP_1.fastq.gz,BF22,330_4,MPS0330,4,6292,4241,4241,4241,4241,4241,1
S23_CSP_1.fastq.gz,BF23,217_3,MPS0217,3,15827,10490,10413,10413,8803,8803,3
S24_CSP_1.fastq.gz,BF24,328_4,MPS0328,4,14487,8912,8854,8854,8854,8854,1
S25_CSP_1.fastq.gz,BF25,9320_6,MPS9320,6,28087,20525,20523,20523,20523,20523,1
S26_CSP_1.fastq.gz,BF26,9300_5,MPS9300,5,27149,20181,20181,20181,20181,20181,1
S27_CSP_1.fastq.gz,BF27,9138_2,MPS9138,2,19078,14017,13964,13964,13712,13599,3
S28_CSP_1.fastq.gz,BF28,9407_5,MPS9407,5,23100,17419,17384,17384,17384,17326,2
S29_CSP_1.fastq.gz,BF29,9174_1,MPS9174,1,15,7,Removed,Removed,Removed,Removed,Removed
S30_CSP_1.fastq.gz,BF30,9305_1,MPS9305,1,32149,22847,22842,22842,22842,22661,1
S31_CSP_1.fastq.gz,BF31,9305_4,MPS9305,4,23641,16455,16234,16234,15072,14943,4
S32_CSP_1.fastq.gz,BF32,9305_5,MPS9305,5,23308,16348,16348,16348,16348,16348,1
S33_CSP_1.fastq.gz,BF33,9305_6,MPS9305,6,23536,17119,17116,17116,17116,17116,1
S34_CSP_1.fastq.gz,BF34,206_4,MPS0206,4,6139,4572,4568,4568,4568,4568,1
S35_CSP_1.fastq.gz,BF35,9186_6,MPS9186,6,16854,12465,12465,12465,12465,12465,1
S36_CSP_1.fastq.gz,BF36,9172_5,MPS9172,5,18,12,Removed,Removed,Removed,Removed,Removed
S37_CSP_1.fastq.gz,BF37,175_6,MPS0175,6,3,2,Removed,Removed,Removed,Removed,Removed
S38_CSP_1.fastq.gz,BF38,9133_4,MPS9133,4,2,2,Removed,Removed,Removed,Removed,Removed
S39_CSP_1.fastq.gz,BF39,9303_4,MPS9303,4,4086,3005,2990,2990,2990,2942,2
S40_CSP_1.fastq.gz,BF40,9144_7,MPS9144,7,6,3,Removed,Removed,Removed,Removed,Removed
S41_CSP_1.fastq.gz,BF41,9412_14,MPS9412,14,3,1,Removed,Removed,Removed,Removed,Removed
S42_CSP_1.fastq.gz,BF42,9133_5,MPS9133,5,19517,14355,14300,14300,14300,14279,1
S43_CSP_1.fastq.gz,BF43,9146_11,MPS9146,11,1661,1162,1160,1160,1117,1117,2
S44_CSP_1.fastq.gz,BF44,9423_6,MPS9423,6,7,4,Removed,Removed,Removed,Removed,Removed
S45_CSP_1.fastq.gz,BF45,9422_8,MPS9422,8,17795,13375,13375,13375,13375,13375,1
S46_CSP_1.fastq.gz,BF46,9404_5,MPS9404,5,11318,8559,8502,8502,7621,7621,3
S47_CSP_1.fastq.gz,BF47,9404_6,MPS9404,6,14856,10084,9949,9949,9075,9065,6
S48_CSP_1.fastq.gz,BF48,9433_5,MPS9433,5,10,6,Removed,Removed,Removed,Removed,Removed
S49_CSP_1.fastq.gz,BF49,165_5,MPS0165,5,24505,18249,18016,18016,15958,15958,3
S50_CSP_1.fastq.gz,BF50,429_7,MPS0429,7,26299,19314,19190,19190,18410,18410,3
S51_CSP_1.fastq.gz,BF51,433_3,MPS0433,3,8067,6049,6049,6049,6049,6049,1
S52_CSP_1.fastq.gz,BF52,351_3,MPS0351,3,10234,8032,8029,8029,8029,8029,1
S53_CSP_1.fastq.gz,BF53,432_5,MPS0432,5,11865,8581,8520,8520,8108,8108,3
S54_CSP_1.fastq.gz,BF54,432_8,MPS0432,8,16346,10083,9992,9992,9698,9698,3
S55_CSP_1.fastq.gz,BF55,9320_2,MPS9320,2,12553,8891,8753,8753,8188,8188,3
S56_CSP_1.fastq.gz,BF56,406_2,MPS0406,2,23224,16580,16537,16537,12615,12615,2
S57_CSP_1.fastq.gz,BF57,404_2,MPS0404,2,26799,20281,20280,20280,20280,20280,1
S58_CSP_1.fastq.gz,BF58,402_6,MPS0402,6,12,7,Removed,Removed,Removed,Removed,Removed
S59_CSP_1.fastq.gz,BF59,402_4,MPS0402,4,18904,14298,14040,14040,12373,12244,11
S60_CSP_1.fastq.gz,BF60,402_2,MPS0402,2,17923,13325,13262,13262,11637,11637,2
S61_CSP_1.fastq.gz,BF61,9060_3,MPS9060,3,4,2,Removed,Removed,Removed,Removed,Removed
S62_CSP_1.fastq.gz,BF62,165_6,MPS0165,6,21778,15945,15752,15752,14553,14502,5
S63_CSP_1.fastq.gz,BF63,312_5,MPS0312,5,15189,11203,11115,11115,10667,10667,3
S64_CSP_1.fastq.gz,BF64,433_4,MPS0433,4,5,2,Removed,Removed,Removed,Removed,Removed
S65_CSP_1.fastq.gz,BF65,9441_4,MPS9441,4,8646,6007,5972,5972,5528,5528,2
S66_CSP_1.fastq.gz,BF66,166_5,MPS0166,5,31096,22742,22733,22733,22733,22598,1
S67_CSP_1.fastq.gz,BF67,280_6,MPS0280,6,11202,7695,7633,7633,7319,7319,2
S68_CSP_1.fastq.gz,BF68,284_3,MPS0284,3,16431,11340,11255,11255,10501,10501,2
S69_CSP_1.fastq.gz,BF69,339_1,MPS0339,1,24101,17918,17694,17694,15649,15649,5
S70_CSP_1.fastq.gz,BF70,339_2,MPS0339,2,20093,15094,14798,14798,12117,11948,3
S71_CSP_1.fastq.gz,BF71,411_3,MPS0411,3,35005,26019,26018,26018,26018,26018,1
S72_CSP_1.fastq.gz,BF72,408_8,MPS0408,8,18,11,Removed,Removed,Removed,Removed,Removed
S73_CSP_1.fastq.gz,BF73,337_2,MPS0337,2,27149,18804,18802,18802,18802,18802,1
S74_CSP_1.fastq.gz,BF74,456_9,MPS0456,9,8,4,Removed,Removed,Removed,Removed,Removed
S75_CSP_1.fastq.gz,BF75,456_8,MPS0456,8,8866,6499,6497,6497,6497,6497,1
S76_CSP_1.fastq.gz,BF76,456_10,MPS0456,10,6,3,Removed,Removed,Removed,Removed,Removed
S77_CSP_1.fastq.gz,BF77,162_7,MPS0162,7,15249,10844,10609,10609,7551,7538,9
S78_CSP_1.fastq.gz,BF78,9292_7,MPS9292,7,13,6,Removed,Removed,Removed,Removed,Removed
S79_CSP_1.fastq.gz,BF79,9292_2,MPS9292,2,2667,1814,1814,1814,1814,1814,1
S80_CSP_1.fastq.gz,BF80,9449_2,MPS9449,2,12424,8456,8398,8398,7958,7958,2
S81_CSP_1.fastq.gz,BF81,390_4,MPS0390,4,30700,23001,22989,22989,22784,22633,1
S82_CSP_1.fastq.gz,BF82,375_4,MPS0375,4,20921,15448,15387,15387,15072,15072,2
S83_CSP_1.fastq.gz,BF83,423_4,MPS0423,4,19540,14410,14324,14324,13933,13933,3
S84_CSP_1.fastq.gz,BF84,423_2,MPS0423,2,11203,8144,8119,8119,7946,7946,3
S85_CSP_1.fastq.gz,BF85,423_1,MPS0423,1,10943,7327,7327,7327,7327,7327,1
S86_CSP_1.fastq.gz,BF86,422_4,MPS0422,4,26659,18490,18475,18475,18475,18402,1
S87_CSP_1.fastq.gz,BF87,376_5,MPS0376,5,27058,19229,19227,19227,19227,19212,1
S88_CSP_1.fastq.gz,BF88,378_4,MPS0378,4,30876,22925,22922,22922,22922,22922,1
S89_CSP_1.fastq.gz,BF89,379_5,MPS0379,5,6604,2375,2352,2352,2167,2167,2
S90_CSP_1.fastq.gz,BF90,20_2,MPS0020,2,4,1,Removed,Removed,Removed,Removed,Removed
S91_CSP_1.fastq.gz,BF91,18_1,MPS0018,1,27089,19469,19466,19466,19466,19466,1
S92_CSP_1.fastq.gz,BF92,16_6,MPS0016,6,5,3,Removed,Removed,Removed,Removed,Removed
S93_CSP_1.fastq.gz,BF93,86_2,MPS0086,2,7,5,Removed,Removed,Removed,Removed,Removed
S94_CSP_1.fastq.gz,BF94,16_4,MPS0016,4,10864,7394,7241,7241,6857,6656,6
S95_CSP_1.fastq.gz,BF95,16_3,MPS0016,3,13835,9560,9537,9537,9123,9123,2
S96_CSP_1.fastq.gz,BF96,15_1,MPS0015,1,5,5,Removed,Removed,Removed,Removed,Removed
S97_CSP_1.fastq.gz,BF97,83_4,MPS0083,4,8971,6216,6216,6216,6216,6216,1
S98_CSP_1.fastq.gz,BF98,10_5,MPS0010,5,9885,6646,6609,6609,6450,6387,2
S99_CSP_1.fastq.gz,BF99,10_4,MPS0010,4,5,2,Removed,Removed,Removed,Removed,Removed
S100_CSP_1.fastq.gz,BF100,10_3,MPS0010,3,3044,1406,1406,1406,0,Removed,Removed
S101_CSP_1.fastq.gz,BF101,26_2,MPS0026,2,805,193,191,191,191,191,1
S102_CSP_1.fastq.gz,BF102,9460_6,MPS9460,6,5,4,Removed,Removed,Removed,Removed,Removed
S103_CSP_1.fastq.gz,BF103,83_3,MPS0083,3,20447,14335,14333,14333,14333,14333,1
S104_CSP_1.fastq.gz,BF104,9460_5,MPS9460,5,9,5,Removed,Removed,Removed,Removed,Removed
S105_CSP_1.fastq.gz,BF105,16_5,MPS0016,5,4,3,Removed,Removed,Removed,Removed,Removed
S106_CSP_1.fastq.gz,BF106,82_7,MPS0082,7,14549,10188,9984,9984,8434,8352,4
S107_CSP_1.fastq.gz,BF107,78_1,MPS0078,1,432,318,316,316,316,316,1
S108_CSP_1.fastq.gz,BF108,10_2,MPS0010,2,13363,9416,9222,9222,8918,8918,4
S109_CSP_1.fastq.gz,BF109,13_3,MPS0013,3,3,1,Removed,Removed,Removed,Removed,Removed
S110_CSP_1.fastq.gz,BF110,3_8,MPS0003,8,12,6,Removed,Removed,Removed,Removed,Removed
S111_CSP_1.fastq.gz,BF111,3_9,MPS0003,9,16440,12341,12139,12139,10724,10613,6
S112_CSP_1.fastq.gz,BF112,24_6,MPS0024,6,5,2,Removed,Removed,Removed,Removed,Removed
S113_CSP_1.fastq.gz,BF113,23_8,MPS0023,8,15052,10674,10638,10638,10638,10638,1
S114_CSP_1.fastq.gz,BF114,23_7,MPS0023,7,41,27,Removed,Removed,Removed,Removed,Removed
S115_CSP_1.fastq.gz,BF115,23_4,MPS0023,4,40,27,Removed,Removed,Removed,Removed,Removed
S116_CSP_1.fastq.gz,BF116,71_1,MPS0071,1,21,15,Removed,Removed,Removed,Removed,Removed
S117_CSP_1.fastq.gz,BF117,98_6,MPS0098,6,41,26,Removed,Removed,Removed,Removed,Removed
S118_CSP_1.fastq.gz,BF118,98_5,MPS0098,5,9815,7041,6991,6991,6520,6520,5
S119_CSP_1.fastq.gz,BF119,98_2,MPS0098,2,10589,7300,7294,7294,7294,7265,1
S120_CSP_1.fastq.gz,BF120,90_4,MPS0090,4,37,22,Removed,Removed,Removed,Removed,Removed
S121_CSP_1.fastq.gz,BF121,66_3,MPS0066,3,17709,12557,12216,12216,9589,9297,7
S122_CSP_1.fastq.gz,BF122,88_4,MPS0088,4,13100,9642,9460,9460,6999,6959,4
S123_CSP_1.fastq.gz,BF123,66_6,MPS0066,6,13281,9995,9986,9986,9986,9986,2
S124_CSP_1.fastq.gz,BF124,66_5,MPS0066,5,33,25,Removed,Removed,Removed,Removed,Removed
S125_CSP_1.fastq.gz,BF125,66_4,MPS0066,4,11,6,Removed,Removed,Removed,Removed,Removed
S126_CSP_1.fastq.gz,BF126,66_1,MPS0066,1,21504,15382,15126,15126,14509,14509,4
S127_CSP_1.fastq.gz,BF127,89_4,MPS0089,4,14,4,Removed,Removed,Removed,Removed,Removed
S128_CSP_1.fastq.gz,BF128,2_4,MPS0002,4,6,5,Removed,Removed,Removed,Removed,Removed
S129_CSP_1.fastq.gz,BF129,2_5,MPS0002,5,24265,18014,18014,18014,18014,18014,1
S130_CSP_1.fastq.gz,BF130,348_2,MPS0348,2,9608,6011,6011,6011,6011,6011,1
S131_CSP_1.fastq.gz,BF131,335_2,MPS0335,2,21557,14508,14218,14218,11567,11405,4
S132_CSP_1.fastq.gz,BF132,341_2,MPS0341,2,8,5,Removed,Removed,Removed,Removed,Removed
S133_CSP_1.fastq.gz,BF133,88_5,MPS0088,5,16405,11435,11336,11336,10511,10511,4
S134_CSP_1.fastq.gz,BF134,240_4,MPS0240,4,23071,17303,16956,16956,14810,14670,6
S135_CSP_1.fastq.gz,BF135,250_3,MPS0250,3,13041,9806,9620,9620,8170,8103,9
S136_CSP_1.fastq.gz,BF136,246_2,MPS0246,2,9409,6952,6931,6931,6891,6802,3
S137_CSP_1.fastq.gz,BF137,246_3,MPS0246,3,4068,2793,2793,2793,2793,2793,1
S138_CSP_1.fastq.gz,BF138,250_6,MPS0250,6,26080,18445,18445,18445,18445,18445,1
S139_CSP_1.fastq.gz,BF139,290_7,MPS0290,7,29260,21126,21096,21096,19632,19632,2
S140_CSP_1.fastq.gz,BF140,290_6,MPS0290,6,12810,9114,9061,9061,8590,8515,3
S141_CSP_1.fastq.gz,BF141,350_5,MPS0350,5,10484,7425,7425,7425,7425,7425,1
S142_CSP_1.fastq.gz,BF142,350_4,MPS0350,4,20359,5945,5880,5880,5880,5880,2
S143_CSP_1.fastq.gz,BF143,349_4,MPS0349,4,23518,5905,5904,5904,5904,5904,1
S144_CSP_1.fastq.gz,BF144,342_1,MPS0342,1,5,3,Removed,Removed,Removed,Removed,Removed
S145_CSP_1.fastq.gz,BF145,316_4,MPS0316,4,15478,11042,11040,11040,11040,11040,1
S146_CSP_1.fastq.gz,BF146,334_4,MPS0334,4,31778,20959,20942,20942,20942,20942,1
S147_CSP_1.fastq.gz,BF147,242_7,MPS0242,7,16171,11712,11528,11528,10663,10634,3
S148_CSP_1.fastq.gz,BF148,250_2,MPS0250,2,17170,11418,11370,11370,11020,10837,7
S149_CSP_1.fastq.gz,BF149,250_5,MPS0250,5,25319,17169,17169,17169,17169,17169,1
S150_CSP_1.fastq.gz,BF150,266_4,MPS0266,4,6,3,Removed,Removed,Removed,Removed,Removed
S151_CSP_1.fastq.gz,BF151,269_6,MPS0269,6,8625,6342,6339,6339,6339,6339,1
S152_CSP_1.fastq.gz,BF152,290_4,MPS0290,4,17187,12659,12640,12640,12267,12267,2
S153_CSP_1.fastq.gz,BF153,290_5,MPS0290,5,13886,10644,10643,10643,10643,10643,1
S154_CSP_1.fastq.gz,BF154,251_5,MPS0251,5,10909,7690,7636,7636,7272,7272,3
S155_CSP_1.fastq.gz,BF155,265_1,MPS0265,1,6929,4901,4901,4901,4901,4901,1
S156_CSP_1.fastq.gz,BF156,288_2,MPS0288,2,6670,4573,4573,4573,4573,4573,1
S157_CSP_1.fastq.gz,BF157,114_4,MPS0114,4,9,4,Removed,Removed,Removed,Removed,Removed
S158_CSP_1.fastq.gz,BF158,114_5,MPS0114,5,21147,15978,15978,15978,15978,15978,1
S159_CSP_1.fastq.gz,BF159,115_2,MPS0115,2,9,8,Removed,Removed,Removed,Removed,Removed
S160_CSP_1.fastq.gz,BF160,116_4,MPS0116,4,17773,12551,12474,12474,11673,11673,5
S161_CSP_1.fastq.gz,BF161,95_1,MPS0095,1,10,2,Removed,Removed,Removed,Removed,Removed
S162_CSP_1.fastq.gz,BF162,96_3,MPS0096,3,1,0,Removed,Removed,Removed,Removed,Removed
S163_CSP_1.fastq.gz,BF163,17_4,MPS0017,4,18,8,Removed,Removed,Removed,Removed,Removed
S164_CSP_1.fastq.gz,BF164,53_2,MPS0053,2,4,2,Removed,Removed,Removed,Removed,Removed
S165_CSP_1.fastq.gz,BF165,53_6,MPS0053,6,13518,10374,10372,10372,10372,10372,1
S166_CSP_1.fastq.gz,BF166,55_1,MPS0055,1,13773,9930,9731,9731,8408,8408,4
S167_CSP_1.fastq.gz,BF167,55_12,MPS0055,12,19343,13986,13986,13986,13986,13986,1
S168_CSP_1.fastq.gz,BF168,500_7,MPS0500,7,6,2,Removed,Removed,Removed,Removed,Removed
S169_CSP_1.fastq.gz,BF169,500_6,MPS0500,6,8077,5591,5591,5591,5591,5591,1
S170_CSP_1.fastq.gz,BF170,497_6,MPS0497,6,45670,35059,35015,35015,33785,33785,2
S171_CSP_1.fastq.gz,BF171,497_5,MPS0497,5,4844,3686,3686,3686,3686,3686,1
S172_CSP_1.fastq.gz,BF172,496_6,MPS0496,6,23778,17139,17139,17139,17139,17139,1
S173_CSP_1.fastq.gz,BF173,93_3,MPS0093,3,15,7,Removed,Removed,Removed,Removed,Removed
S174_CSP_1.fastq.gz,BF174,124_1,MPS0124,1,7628,4737,4737,4737,4737,4737,1
S175_CSP_1.fastq.gz,BF175,128_4,MPS0128,4,6,3,Removed,Removed,Removed,Removed,Removed
S176_CSP_1.fastq.gz,BF176,133_2,MPS0133,2,0,0,Removed,Removed,Removed,Removed,Removed
S177_CSP_1.fastq.gz,BF177,131_11,MPS0131,11,3,3,Removed,Removed,Removed,Removed,Removed
S178_CSP_1.fastq.gz,BF178,135_2,MPS0135,2,10894,7579,7385,7385,6730,6730,4
S179_CSP_1.fastq.gz,BF179,484_2,MPS0484,2,0,0,Removed,Removed,Removed,Removed,Removed
S180_CSP_1.fastq.gz,BF180,484_4,MPS0484,4,2,0,Removed,Removed,Removed,Removed,Removed
S181_CSP_1.fastq.gz,BF181,484_5,MPS0484,5,3,1,Removed,Removed,Removed,Removed,Removed
S182_CSP_1.fastq.gz,BF182,484_6,MPS0484,6,3,2,Removed,Removed,Removed,Removed,Removed
S183_CSP_1.fastq.gz,BF183,484_7,MPS0484,7,3,1,Removed,Removed,Removed,Removed,Removed
S184_CSP_1.fastq.gz,BF184,9321_3,MPS9321,3,10605,7464,7280,7280,6670,6570,8
S185_CSP_1.fastq.gz,BF185,9369_5,MPS9369,5,5,3,Removed,Removed,Removed,Removed,Removed
S186_CSP_1.fastq.gz,BF186,9336_6,MPS9336,6,9360,6569,6528,6528,6528,6528,1
S187_CSP_1.fastq.gz,BF187,9360_7,MPS9360,7,21020,13125,12795,12795,10274,10274,9
S188_CSP_1.fastq.gz,BF188,9360_6,MPS9360,6,14500,10374,10095,10095,8219,8099,11
S189_CSP_1.fastq.gz,BF189,9360_5,MPS9360,5,5841,3774,3774,3774,3774,3774,1
S190_CSP_1.fastq.gz,BF190,481_5,MPS0481,5,13716,9190,8919,8919,6102,6068,4
S191_CSP_1.fastq.gz,BF191,481_2,MPS0481,2,2,0,Removed,Removed,Removed,Removed,Removed
S192_CSP_1.fastq.gz,BF192,480_4,MPS0480,4,2,1,Removed,Removed,Removed,Removed,Removed
S193_CSP_1.fastq.gz,BF193,480_3,MPS0480,3,3,2,Removed,Removed,Removed,Removed,Removed
S194_CSP_1.fastq.gz,BF194,479_7,MPS0479,7,11280,8432,8140,8140,7293,7096,14
S195_CSP_1.fastq.gz,BF195,229_6,MPS0229,6,3747,2380,2380,2380,2380,2380,1
S196_CSP_1.fastq.gz,BF196,438_5,MPS0438,5,5,3,Removed,Removed,Removed,Removed,Removed
S197_CSP_1.fastq.gz,BF197,234_3,MPS0234,3,1,0,Removed,Removed,Removed,Removed,Removed
S198_CSP_1.fastq.gz,BF198,229_7,MPS0229,7,19359,13482,13275,13275,13275,13029,1
S199_CSP_1.fastq.gz,BF199,496_2,MPS0496,2,6229,4390,4389,4389,4389,4389,1
S200_CSP_1.fastq.gz,BF200,496_1,MPS0496,1,2,0,Removed,Removed,Removed,Removed,Removed
S201_CSP_1.fastq.gz,BF201,493_8,MPS0493,8,10801,5709,5636,5636,5409,5409,3
S202_CSP_1.fastq.gz,BF202,491_4,MPS0491,4,15385,10174,10138,10138,9535,9535,3
S203_CSP_1.fastq.gz,BF203,490_5,MPS0490,5,7565,5573,5513,5513,3874,3874,5
S204_CSP_1.fastq.gz,BF204,496_5,MPS0496,5,24617,18243,18242,18242,18242,18242,1
S205_CSP_1.fastq.gz,BF205,122_6,MPS0122,6,6,3,Removed,Removed,Removed,Removed,Removed
S206_CSP_1.fastq.gz,BF206,122_5,MPS0122,5,17030,12803,12802,12802,12802,12802,1
S207_CSP_1.fastq.gz,BF207,440_4,MPS0440,4,2,0,Removed,Removed,Removed,Removed,Removed
S208_CSP_1.fastq.gz,BF208,490_4,MPS0490,4,13148,8198,8078,8078,7352,7352,3
S209_CSP_1.fastq.gz,BF209,122_4,MPS0122,4,4,2,Removed,Removed,Removed,Removed,Removed
S210_CSP_1.fastq.gz,BF210,490_1,MPS0490,1,9385,6634,6634,6634,6634,6634,1
S211_CSP_1.fastq.gz,BF211,449_4,MPS0449,4,8,5,Removed,Removed,Removed,Removed,Removed
S212_CSP_1.fastq.gz,BF212,449_3,MPS0449,3,15749,11556,11556,11556,11556,11556,1
S213_CSP_1.fastq.gz,BF213,120_1,MPS0120,1,3,1,Removed,Removed,Removed,Removed,Removed
S214_CSP_1.fastq.gz,BF214,122_3,MPS0122,3,9093,6455,6407,6407,6028,6028,4
S215_CSP_1.fastq.gz,BF215,485_5,MPS0485,5,3,2,Removed,Removed,Removed,Removed,Removed
S216_CSP_1.fastq.gz,BF216,486_1,MPS0486,1,12041,7216,7150,7150,6693,6693,3
S217_CSP_1.fastq.gz,BF217,452_5,MPS0452,5,5,4,Removed,Removed,Removed,Removed,Removed
S218_CSP_1.fastq.gz,BF218,452_4,MPS0452,4,30114,21980,21905,21905,21878,21769,1
S219_CSP_1.fastq.gz,BF219,450_4,MPS0450,4,13,6,Removed,Removed,Removed,Removed,Removed
S220_CSP_1.fastq.gz,BF220,450_3,MPS0450,3,15577,10405,10404,10404,10404,10398,1
S221_CSP_1.fastq.gz,BF221,450_2,MPS0450,2,27608,18024,17990,17990,17742,17610,1
S222_CSP_1.fastq.gz,BF222,490_2,MPS0490,2,15039,10443,10443,10443,10443,10443,1
S223_CSP_1.fastq.gz,BF223,487_6,MPS0487,6,26716,19571,19484,19484,19406,19036,1
S224_CSP_1.fastq.gz,BF224,487_7,MPS0487,7,9555,6853,6851,6851,6851,6851,1
S225_CSP_1.fastq.gz,BF225,9296_6,MPS9296,6,14146,9426,9354,9354,9134,9070,2
S226_CSP_1.fastq.gz,BF226,9295_4,MPS9295,4,21638,14600,14599,14599,14599,14599,1
S227_CSP_1.fastq.gz,BF227,9317_6,MPS9317,6,28903,20218,20212,20212,20174,20017,1
S228_CSP_1.fastq.gz,BF228,9317_5,MPS9317,5,5404,3876,3875,3875,3875,3875,1
S229_CSP_1.fastq.gz,BF229,438_7,MPS0438,7,1,1,Removed,Removed,Removed,Removed,Removed
S230_CSP_1.fastq.gz,BF230,9317_4,MPS9317,4,20477,15286,15261,15261,15261,15261,2
S231_CSP_1.fastq.gz,BF231,9367_5,MPS9367,5,25149,18133,17904,17904,16154,16095,3
S232_CSP_1.fastq.gz,BF232,9375_9,MPS9375,9,26285,19643,19536,19536,19498,19345,1
S233_CSP_1.fastq.gz,BF233,9375_4,MPS9375,4,4558,3155,3155,3155,3155,3155,1
S234_CSP_1.fastq.gz,BF234,9445_6,MPS9445,6,13043,9126,8986,8986,7198,7082,4
S235_CSP_1.fastq.gz,BF235,9375_6,MPS9375,6,20802,15714,15146,15146,11792,11631,9
S236_CSP_1.fastq.gz,BF236,9375_8,MPS9375,8,10,4,Removed,Removed,Removed,Removed,Removed
S237_CSP_1.fastq.gz,BF237,9295_2,MPS9295,2,8106,5915,5914,5914,5914,5914,1
S238_CSP_1.fastq.gz,BF238,9296_7,MPS9296,7,5944,4317,4316,4316,4316,4316,1
S239_CSP_1.fastq.gz,BF239,427_5,MPS0427,5,11788,8408,8390,8390,7674,7674,2
S240_CSP_1.fastq.gz,BF240,427_2,MPS0427,2,14,3,Removed,Removed,Removed,Removed,Removed
S241_CSP_1.fastq.gz,BF241,368_4,MPS0368,4,8,4,Removed,Removed,Removed,Removed,Removed
S242_CSP_1.fastq.gz,BF242,369_2,MPS0369,2,12677,9266,9223,9223,8348,8348,3
S243_CSP_1.fastq.gz,BF243,370_4,MPS0370,4,18938,13469,13468,13468,13468,13468,1
S244_CSP_1.fastq.gz,BF244,370_8,MPS0370,8,26707,18971,18918,18918,18918,18918,1
S245_CSP_1.fastq.gz,BF245,9070_3,MPS9070,3,12091,8129,8082,8082,7837,7763,2
S246_CSP_1.fastq.gz,BF246,9070_5,MPS9070,5,4,1,Removed,Removed,Removed,Removed,Removed
S247_CSP_1.fastq.gz,BF247,9375_5,MPS9375,5,12119,8883,8882,8882,8882,8882,1
S248_CSP_1.fastq.gz,BF248,370_9,MPS0370,9,11,7,Removed,Removed,Removed,Removed,Removed
S249_CSP_1.fastq.gz,BF249,9427_4,MPS9427,4,4,1,Removed,Removed,Removed,Removed,Removed
S250_CSP_1.fastq.gz,BF250,337_3,MPS0337,3,28,13,Removed,Removed,Removed,Removed,Removed
S251_CSP_1.fastq.gz,BF251,9445_5,MPS9445,5,4,2,Removed,Removed,Removed,Removed,Removed
S252_CSP_1.fastq.gz,BF252,9452_5,MPS9452,5,4,1,Removed,Removed,Removed,Removed,Removed
S253_CSP_1.fastq.gz,BF253,9443_4,MPS9443,4,0,0,Removed,Removed,Removed,Removed,Removed
S254_CSP_1.fastq.gz,BF254,9443_5,MPS9443,5,23040,16789,16535,16535,15797,15664,3
S255_CSP_1.fastq.gz,BF255,9469_4,MPS9469,4,13601,9170,9051,9051,7452,7452,4
S256_CSP_1.fastq.gz,BF256,9469_5,MPS9469,5,24772,17383,17148,17148,13721,13721,2
S257_CSP_1.fastq.gz,BF257,9468_4,MPS9468,4,13442,8931,8931,8931,8931,8931,1
S258_CSP_1.fastq.gz,BF258,9450_4,MPS9450,4,8,3,Removed,Removed,Removed,Removed,Removed
S259_CSP_1.fastq.gz,BF259,9447_3,MPS9447,3,7,6,Removed,Removed,Removed,Removed,Removed
S260_CSP_1.fastq.gz,BF260,408_2,MPS0408,2,3,3,Removed,Removed,Removed,Removed,Removed
S261_CSP_1.fastq.gz,BF261,446_4,MPS0446,4,22088,15760,15561,15561,13465,13445,4
S262_CSP_1.fastq.gz,BF262,406_5,MPS0406,5,20234,14173,14159,14159,13405,13405,2
S263_CSP_1.fastq.gz,BF263,9144_6,MPS9144,6,4,1,Removed,Removed,Removed,Removed,Removed
S264_CSP_1.fastq.gz,BF264,9199_2,MPS9199,2,15251,11330,11312,11312,11312,11312,2
S265_CSP_1.fastq.gz,BF265,9297_4,MPS9297,4,21154,15678,15127,15127,11852,11515,12
S266_CSP_1.fastq.gz,BF266,9229_3,MPS9229,3,15305,11566,11485,11485,10281,10167,5
S267_CSP_1.fastq.gz,BF267,9181_6,MPS9181,6,18744,13346,13230,13230,10441,10295,2
S268_CSP_1.fastq.gz,BF268,433_6,MPS0433,6,1383,948,935,935,935,935,2
S269_CSP_1.fastq.gz,BF269,433_5,MPS0433,5,12642,8901,8766,8766,6379,6294,7
S270_CSP_1.fastq.gz,BF270,360_1,MPS0360,1,14518,10383,10325,10325,9886,9886,3
S271_CSP_1.fastq.gz,BF271,356_2,MPS0356,2,16900,11803,11602,11602,10663,10663,4
S272_CSP_1.fastq.gz,BF272,352_5,MPS0352,5,19252,13726,13633,13633,13561,13443,1
S273_CSP_1.fastq.gz,BF273,351_4,MPS0351,4,10,4,Removed,Removed,Removed,Removed,Removed
S274_CSP_1.fastq.gz,BF274,478_3,MPS0478,3,25133,17685,17515,17515,17298,17170,2
S275_CSP_1.fastq.gz,BF275,9002_3,MPS9002,3,11390,2563,2563,2563,2563,2563,1
S276_CSP_1.fastq.gz,BF276,9052_5,MPS9052,5,10646,7536,7527,7527,7222,7222,2
S277_CSP_1.fastq.gz,BF277,9052_8,MPS9052,8,14704,10188,10114,10114,7452,7435,2
S278_CSP_1.fastq.gz,BF278,367_5,MPS0367,5,14774,10768,10767,10767,10484,10484,2
S279_CSP_1.fastq.gz,BF279,368_2,MPS0368,2,5,3,Removed,Removed,Removed,Removed,Removed
S280_CSP_1.fastq.gz,BF280,372_2,MPS0372,2,21811,11333,11132,11132,11013,10941,1
S281_CSP_1.fastq.gz,BF281,374_4,MPS0374,4,18008,13607,13477,13477,11350,11286,3
S282_CSP_1.fastq.gz,BF282,374_5,MPS0374,5,17154,12512,12313,12313,11296,11296,3
S283_CSP_1.fastq.gz,BF283,374_6,MPS0374,6,5,2,Removed,Removed,Removed,Removed,Removed
S284_CSP_1.fastq.gz,BF284,374_7,MPS0374,7,7228,4442,4442,4442,4442,4442,1
S285_CSP_1.fastq.gz,BF285,374_8,MPS0374,8,14554,10291,10283,10283,10209,10137,1
S286_CSP_1.fastq.gz,BF286,374_9,MPS0374,9,25394,15026,15020,15020,15020,14930,1
S287_CSP_1.fastq.gz,BF287,429_6,MPS0429,6,13,3,Removed,Removed,Removed,Removed,Removed
S288_CSP_1.fastq.gz,BF288,417_3,MPS0417,3,3,1,Removed,Removed,Removed,Removed,Removed
S289_CSP_1.fastq.gz,BF289,417_5,MPS0417,5,24,13,Removed,Removed,Removed,Removed,Removed
S290_CSP_1.fastq.gz,BF290,467_3,MPS0467,3,6,2,Removed,Removed,Removed,Removed,Removed
S291_CSP_1.fastq.gz,BF291,467_2,MPS0467,2,9,9,Removed,Removed,Removed,Removed,Removed
S292_CSP_1.fastq.gz,BF292,9161_5,MPS9161,5,15,7,Removed,Removed,Removed,Removed,Removed
S293_CSP_1.fastq.gz,BF293,none1,NA,NA,5,2,Removed,Removed,Removed,Removed,Removed
S294_CSP_1.fastq.gz,BF294,none2,NA,NA,12879,9415,9352,9352,8594,8594,2
S295_CSP_1.fastq.gz,BF295,9075_5,MPS9075,5,16071,12245,12245,12245,12245,12245,1
S296_CSP_1.fastq.gz,BF296,9117_4,MPS9117,4,11,6,Removed,Removed,Removed,Removed,Removed
S297_CSP_1.fastq.gz,BF297,9081_4,MPS9081,4,12374,8832,8812,8812,8812,8812,2
S298_CSP_1.fastq.gz,BF298,9029_7,MPS9029,7,25134,18935,18934,18934,18934,18934,1
S299_CSP_1.fastq.gz,BF299,9029_6,MPS9029,6,11,4,Removed,Removed,Removed,Removed,Removed
S300_CSP_1.fastq.gz,BF300,9014_1,MPS9014,1,16643,12125,11914,11914,11914,11914,1
S301_CSP_1.fastq.gz,BF301,9029_5,MPS9029,5,13,5,Removed,Removed,Removed,Removed,Removed
S302_CSP_1.fastq.gz,BF302,9099_4,MPS9099,4,16670,12310,12227,12227,12227,12227,2
S303_CSP_1.fastq.gz,BF303,9039_7,MPS9039,7,16221,12421,12257,12257,10589,10476,2
S304_CSP_1.fastq.gz,BF304,9433_7,MPS9433,7,7086,5411,5334,5334,4463,4463,2
S305_CSP_1.fastq.gz,BF305,9433_8,MPS9433,8,15147,11179,11179,11179,11179,11179,1
S306_CSP_1.fastq.gz,BF306,9413_6,MPS9413,6,12381,8897,8864,8864,8756,8673,1
S307_CSP_1.fastq.gz,BF307,418_4,MPS0418,4,5,3,Removed,Removed,Removed,Removed,Removed
S308_CSP_1.fastq.gz,BF308,176_6,MPS0176,6,10138,7844,7843,7843,7843,7843,1
S309_CSP_1.fastq.gz,BF309,375_3,MPS0375,3,4495,3165,3165,3165,3165,3165,1
S310_CSP_1.fastq.gz,BF310,9075_8,MPS9075,8,19838,14425,14372,14372,14246,14110,2
S311_CSP_1.fastq.gz,BF311,9110_2,MPS9110,2,12153,9125,9125,9125,9125,9125,1
S312_CSP_1.fastq.gz,BF312,9076_5,MPS9076,5,1,1,Removed,Removed,Removed,Removed,Removed
S313_CSP_1.fastq.gz,BF313,360_7,MPS0360,7,17171,12113,12106,12106,12106,12106,1
S314_CSP_1.fastq.gz,BF314,9040_5,MPS9040,5,6,3,Removed,Removed,Removed,Removed,Removed
S315_CSP_1.fastq.gz,BF315,418_2,MPS0418,2,5,5,Removed,Removed,Removed,Removed,Removed
S316_CSP_1.fastq.gz,BF316,9332_5,MPS9332,5,16073,12287,12164,12164,10840,10840,4
S317_CSP_1.fastq.gz,BF317,418_5,MPS0418,5,16381,12162,11871,11871,9559,9389,5
S318_CSP_1.fastq.gz,BF318,9385_7,MPS9385,7,25254,18765,18604,18604,18604,18604,1
S319_CSP_1.fastq.gz,BF319,9445_3,MPS9445,3,8112,6101,6098,6098,6098,6098,1
S320_CSP_1.fastq.gz,BF320,9385_4,MPS9385,4,17234,13329,13286,13286,13286,13213,2
S321_CSP_1.fastq.gz,BF321,9384_3,MPS9384,3,15759,11338,11279,11279,11121,10904,3
S322_CSP_1.fastq.gz,BF322,426_4,MPS0426,4,6703,4718,4717,4717,4717,4717,1
S323_CSP_1.fastq.gz,BF323,425_4,MPS0425,4,8,5,Removed,Removed,Removed,Removed,Removed
S324_CSP_1.fastq.gz,BF324,425_2,MPS0425,2,11104,8077,8077,8077,8077,8077,1
S325_CSP_1.fastq.gz,BF325,9095_3,MPS9095,3,11653,8537,8524,8524,8046,8046,2
S326_CSP_1.fastq.gz,BF326,9102_3,MPS9102,3,18134,13591,13591,13591,13591,13591,1
S327_CSP_1.fastq.gz,BF327,9113_4,MPS9113,4,4,3,Removed,Removed,Removed,Removed,Removed
S328_CSP_1.fastq.gz,BF328,317_2,MPS0317,2,6239,4714,4682,4682,4387,4387,2
S329_CSP_1.fastq.gz,BF329,9106_2,MPS9106,2,13253,9474,9465,9465,9465,9465,1
S330_CSP_1.fastq.gz,BF330,9165_6,MPS9165,6,24,11,Removed,Removed,Removed,Removed,Removed
S331_CSP_1.fastq.gz,BF331,310_1,MPS0310,1,15117,10907,10866,10866,10866,10866,2
S332_CSP_1.fastq.gz,BF332,424_4,MPS0424,4,12158,9062,9031,9031,7935,7865,5
S333_CSP_1.fastq.gz,BF333,380_8,MPS0380,8,21326,15173,15170,15170,15170,15170,1
S334_CSP_1.fastq.gz,BF334,9422_7,MPS9422,7,20344,15191,15191,15191,15191,15191,1
S335_CSP_1.fastq.gz,BF335,9127_4,MPS9127,4,20506,15459,15453,15453,15453,15228,1
S336_CSP_1.fastq.gz,BF336,9127_5,MPS9127,5,16969,12486,12485,12485,12485,12485,1
S337_CSP_1.fastq.gz,BF337,9195_5,MPS9195,5,22251,15896,15860,15860,15860,15810,3
S338_CSP_1.fastq.gz,BF338,9163_4,MPS9163,4,15588,11447,11441,11441,10351,10351,2
S339_CSP_1.fastq.gz,BF339,9195_4,MPS9195,4,16126,12134,11880,11880,10416,10416,5
S340_CSP_1.fastq.gz,BF340,440_7,MPS0440,7,15499,12029,11829,11829,10774,10731,4
S341_CSP_1.fastq.gz,BF341,444_4,MPS0444,4,10,4,Removed,Removed,Removed,Removed,Removed
S342_CSP_1.fastq.gz,BF342,440_5,MPS0440,5,15372,11025,11024,11024,11024,11024,1
S343_CSP_1.fastq.gz,BF343,303_5,MPS0303,5,11,7,Removed,Removed,Removed,Removed,Removed
S344_CSP_1.fastq.gz,BF344,303_2,MPS0303,2,21518,16452,16435,16435,16435,16311,1
S345_CSP_1.fastq.gz,BF345,297_4,MPS0297,4,10122,7011,7011,7011,7011,7011,1
S346_CSP_1.fastq.gz,BF346,297_3,MPS0297,3,19485,14481,14378,14378,11510,11510,4
S347_CSP_1.fastq.gz,BF347,297_2,MPS0297,2,4,4,Removed,Removed,Removed,Removed,Removed
S348_CSP_1.fastq.gz,BF348,289_7,MPS0289,7,13327,9408,9183,9183,7261,7197,10
S349_CSP_1.fastq.gz,BF349,292_3,MPS0292,3,15222,10267,10216,10216,10216,10216,1
S350_CSP_1.fastq.gz,BF350,399_3,MPS0399,3,5,1,Removed,Removed,Removed,Removed,Removed
S351_CSP_1.fastq.gz,BF351,399_2,MPS0399,2,38,29,Removed,Removed,Removed,Removed,Removed
S352_CSP_1.fastq.gz,BF352,398_8,MPS0398,8,2,0,Removed,Removed,Removed,Removed,Removed
S353_CSP_1.fastq.gz,BF353,9037_1,MPS9037,1,4,3,Removed,Removed,Removed,Removed,Removed
S354_CSP_1.fastq.gz,BF354,390_2,MPS0390,2,18419,12967,12899,12899,12081,11990,2
S355_CSP_1.fastq.gz,BF355,389_4,MPS0389,4,8389,6031,6031,6031,6031,6031,1
S356_CSP_1.fastq.gz,BF356,385_5,MPS0385,5,4,2,Removed,Removed,Removed,Removed,Removed
S357_CSP_1.fastq.gz,BF357,384_9,MPS0384,9,14,3,Removed,Removed,Removed,Removed,Removed
S358_CSP_1.fastq.gz,BF358,384_5,MPS0384,5,19133,13708,13619,13619,11771,11771,4
S359_CSP_1.fastq.gz,BF359,9182_1,MPS9182,1,14258,10048,10048,10048,10048,10048,1
S360_CSP_1.fastq.gz,BF360,384_12,MPS0384,12,17160,12490,12388,12388,10663,10663,2
S361_CSP_1.fastq.gz,BF361,384_11,MPS0384,11,18835,10411,10201,10201,8975,8894,5
S362_CSP_1.fastq.gz,BF362,9182_2,MPS9182,2,7430,5171,5170,5170,5170,5170,1
S363_CSP_1.fastq.gz,BF363,9143_5,MPS9143,5,16971,11903,11871,11871,11871,11871,2
S364_CSP_1.fastq.gz,BF364,9181_9,MPS9181,9,6,3,Removed,Removed,Removed,Removed,Removed
S365_CSP_1.fastq.gz,BF365,9251_9,MPS9251,9,25432,18016,17977,17977,17977,17977,2
S366_CSP_1.fastq.gz,BF366,9246_3,MPS9246,3,25271,17603,17545,17545,16794,16794,3
S367_CSP_1.fastq.gz,BF367,9424_5,MPS9424,5,23564,17305,17304,17304,17304,17304,1
S368_CSP_1.fastq.gz,BF368,443_6,MPS0443,6,13607,10245,10244,10244,10244,10244,1
S369_CSP_1.fastq.gz,BF369,326_4,MPS0326,4,10,7,Removed,Removed,Removed,Removed,Removed
S370_CSP_1.fastq.gz,BF370,398_7,MPS0398,7,3,0,Removed,Removed,Removed,Removed,Removed
S371_CSP_1.fastq.gz,BF371,384_13,MPS0384,13,16547,12022,11960,11960,11960,11960,1
S372_CSP_1.fastq.gz,BF372,398_4,MPS0398,4,2,0,Removed,Removed,Removed,Removed,Removed
S373_CSP_1.fastq.gz,BF373,396_4,MPS0396,4,22786,17258,17134,17134,17134,16952,1
S374_CSP_1.fastq.gz,BF374,384_10,MPS0384,10,19092,12860,12524,12524,10974,10678,4
S375_CSP_1.fastq.gz,BF375,9181_7,MPS9181,7,12640,9311,9202,9202,8743,8743,3
S376_CSP_1.fastq.gz,BF376,395_4,MPS0395,4,19693,14591,14307,14307,13677,13454,3
S377_CSP_1.fastq.gz,BF377,393_5,MPS0393,5,8969,6549,6524,6524,6210,6210,3
S378_CSP_1.fastq.gz,BF378,393_4,MPS0393,4,30182,21436,21303,21303,21303,21255,2
S379_CSP_1.fastq.gz,BF379,392_6,MPS0392,6,7,2,Removed,Removed,Removed,Removed,Removed
S380_CSP_1.fastq.gz,BF380,392_5,MPS0392,5,14575,10589,10588,10588,10588,10588,1
S381_CSP_1.fastq.gz,BF381,390_5,MPS0390,5,30893,23327,23326,23326,23326,23326,1
S382_CSP_1.fastq.gz,BF382,9468_8,MPS9468,8,10,4,Removed,Removed,Removed,Removed,Removed
S383_CSP_1.fastq.gz,BF383,9468_7,MPS9468,7,39,27,Removed,Removed,Removed,Removed,Removed
S384_CSP_1.fastq.gz,BF384,9468_5,MPS9468,5,33877,25371,25368,25368,25349,25321,1
S385_CSP_1.fastq.gz,BF385,321_4,MPS0321,4,12,4,Removed,Removed,Removed,Removed,Removed
S386_CSP_1.fastq.gz,BF386,320_9,MPS0320,9,35,22,Removed,Removed,Removed,Removed,Removed
S387_CSP_1.fastq.gz,BF387,424_3,MPS0424,3,20006,14823,14810,14810,14373,14351,3
S388_CSP_1.fastq.gz,BF388,443_5,MPS0443,5,22708,16554,16263,16263,14336,14057,11
S389_CSP_1.fastq.gz,BF389,447_7,MPS0447,7,22,12,Removed,Removed,Removed,Removed,Removed
S390_CSP_1.fastq.gz,BF390,447_5,MPS0447,5,36839,26575,26557,26557,26557,26551,1
S391_CSP_1.fastq.gz,BF391,447_4,MPS0447,4,24756,18167,18167,18167,18167,18159,1
S392_CSP_1.fastq.gz,BF392,447_3,MPS0447,3,20812,15712,15669,15669,2412,2399,1
S393_CSP_1.fastq.gz,BF393,187_9,MPS0187,9,16165,12424,12423,12423,12423,12423,1
S394_CSP_1.fastq.gz,BF394,166_6,MPS0166,6,17413,12837,12836,12836,12836,12836,1
S395_CSP_1.fastq.gz,BF395,202_2,MPS0202,2,18176,13232,13103,13103,11535,11535,2
S396_CSP_1.fastq.gz,BF396,399_5,MPS0399,5,6,4,Removed,Removed,Removed,Removed,Removed
S397_CSP_1.fastq.gz,BF397,173_6,MPS0173,6,21448,16161,16161,16161,16161,16161,1
S398_CSP_1.fastq.gz,BF398,173_9,MPS0173,9,9,3,Removed,Removed,Removed,Removed,Removed
S399_CSP_1.fastq.gz,BF399,178_4,MPS0178,4,18997,13715,13647,13647,12981,12887,4
S400_CSP_1.fastq.gz,BF400,178_5,MPS0178,5,11358,8465,8235,8235,6644,6644,7
S401_CSP_1.fastq.gz,BF401,178_6,MPS0178,6,12476,8691,8603,8603,7450,7450,3
S402_CSP_1.fastq.gz,BF402,185_3,MPS0185,3,18196,12640,12600,12600,12600,12600,1
S403_CSP_1.fastq.gz,BF403,185_4,MPS0185,4,1,0,Removed,Removed,Removed,Removed,Removed
S404_CSP_1.fastq.gz,BF404,191_3,MPS0191,3,14561,10684,10649,10649,9762,9762,2
S405_CSP_1.fastq.gz,BF405,447_1,MPS0447,1,24480,18033,18032,18032,18032,18032,1
S406_CSP_1.fastq.gz,BF406,292_2,MPS0292,2,18378,13460,13359,13359,11423,11351,2
S407_CSP_1.fastq.gz,BF407,9395_2,MPS9395,2,18124,12768,12709,12709,11692,11692,2
S408_CSP_1.fastq.gz,BF408,303_4,MPS0303,4,11,8,Removed,Removed,Removed,Removed,Removed
S409_CSP_1.fastq.gz,BF409,202_6,MPS0202,6,17,8,Removed,Removed,Removed,Removed,Removed
S410_CSP_1.fastq.gz,BF410,203_7,MPS0203,7,12,9,Removed,Removed,Removed,Removed,Removed
S411_CSP_1.fastq.gz,BF411,207_4,MPS0207,4,12620,8971,8876,8876,7952,7952,2
S412_CSP_1.fastq.gz,BF412,9106_5,MPS9106,5,6679,2944,2940,2940,2714,2714,2
S413_CSP_1.fastq.gz,BF413,9106_6,MPS9106,6,14150,7029,6864,6864,1891,1872,3
S414_CSP_1.fastq.gz,BF414,9106_8,MPS9106,8,15,7,Removed,Removed,Removed,Removed,Removed
S415_CSP_1.fastq.gz,BF415,81_2,MPS0081,2,26446,17474,17410,17410,17410,17340,2
S416_CSP_1.fastq.gz,BF416,54_12,MPS0054,12,14795,10569,10523,10523,9934,9934,2
S417_CSP_1.fastq.gz,BF417,54_8,MPS0054,8,13239,10169,10084,10084,9100,9066,5
S418_CSP_1.fastq.gz,BF418,400_8,MPS0400,8,31296,22842,22828,22828,22828,22723,1
S419_CSP_1.fastq.gz,BF419,400_7,MPS0400,7,25005,18380,18373,18373,18373,18373,2
S420_CSP_1.fastq.gz,BF420,400_4,MPS0400,4,7237,5282,5282,5282,5282,5282,1
S421_CSP_1.fastq.gz,BF421,9392_1,MPS9392,1,15987,12156,11979,11979,11564,11479,2
S422_CSP_1.fastq.gz,BF422,478_1,MPS0478,1,18623,12650,12650,12650,12650,12650,1
S423_CSP_1.fastq.gz,BF423,454_7,MPS0454,7,16691,12015,11882,11882,10285,10285,2
S424_CSP_1.fastq.gz,BF424,454_8,MPS0454,8,17403,12966,12893,12893,12893,12893,2
S425_CSP_1.fastq.gz,BF425,455_6,MPS0455,6,8317,6056,6055,6055,6055,6055,1
S426_CSP_1.fastq.gz,BF426,455_7,MPS0455,7,15677,11041,10981,10981,10534,10534,2
S427_CSP_1.fastq.gz,BF427,222_4,MPS0222,4,39062,29075,29006,29006,29006,28982,1
S428_CSP_1.fastq.gz,BF428,222_5,MPS0222,5,20241,15042,14730,14730,12617,12004,4
S429_CSP_1.fastq.gz,BF429,222_6,MPS0222,6,20553,15707,15443,15443,14140,13800,7
S430_CSP_1.fastq.gz,BF430,466_3,MPS0466,3,17,7,Removed,Removed,Removed,Removed,Removed
S431_CSP_1.fastq.gz,BF431,468_1,MPS0468,1,22268,16531,16531,16531,16531,16531,1
S432_CSP_1.fastq.gz,BF432,468_4,MPS0468,4,18593,13615,13445,13445,12769,12769,2
S433_CSP_1.fastq.gz,BF433,468_5,MPS0468,5,19720,15071,15041,15041,14797,14797,2
S434_CSP_1.fastq.gz,BF434,468_6,MPS0468,6,9608,6545,6545,6545,6545,6545,1
S435_CSP_1.fastq.gz,BF435,471_6,MPS0471,6,18803,14147,13780,13780,10568,10459,6
S436_CSP_1.fastq.gz,BF436,471_7,MPS0471,7,20327,15285,15221,15221,13813,13813,4
S437_CSP_1.fastq.gz,BF437,471_3,MPS0471,3,11961,8532,8531,8531,8531,8531,1
S438_CSP_1.fastq.gz,BF438,472_1,MPS0472,1,9693,6955,6920,6920,6458,6458,2
S439_CSP_1.fastq.gz,BF439,474_2,MPS0474,2,23605,17552,17297,17297,15332,15332,7
S440_CSP_1.fastq.gz,BF440,474_5,MPS0474,5,15670,11702,11586,11586,9762,9762,4
S441_CSP_1.fastq.gz,BF441,474_7,MPS0474,7,4955,3696,3658,3658,3658,3658,1
S442_CSP_1.fastq.gz,BF442,75_3,MPS0075,3,21246,15742,15558,15558,14451,14298,8
S443_CSP_1.fastq.gz,BF443,474_8,MPS0474,8,20327,14704,14645,14645,14645,14512,2
S444_CSP_1.fastq.gz,BF444,458_5,MPS0458,5,16533,12242,11972,11972,10216,10086,8
S445_CSP_1.fastq.gz,BF445,461_6,MPS0461,6,24146,18276,18271,18271,18255,18255,1
S446_CSP_1.fastq.gz,BF446,461_7,MPS0461,7,5,3,Removed,Removed,Removed,Removed,Removed
S447_CSP_1.fastq.gz,BF447,465_4,MPS0465,4,15423,10759,10759,10759,10759,10759,1
S448_CSP_1.fastq.gz,BF448,465_7,MPS0465,7,14574,10553,10552,10552,10552,10552,1
S449_CSP_1.fastq.gz,BF449,477_4,MPS0477,4,4012,2711,2711,2711,2711,2711,1
S450_CSP_1.fastq.gz,BF450,477_5,MPS0477,5,11897,6471,6335,6335,6335,6335,3
S451_CSP_1.fastq.gz,BF451,479_4,MPS0479,4,3710,2340,2338,2338,2338,2338,1
S452_CSP_1.fastq.gz,BF452,86_1,MPS0086,1,12,8,Removed,Removed,Removed,Removed,Removed
S453_CSP_1.fastq.gz,BF453,37_4,MPS0037,4,12769,8721,8716,8716,8642,8642,2
S454_CSP_1.fastq.gz,BF454,476_1,MPS0476,1,5,3,Removed,Removed,Removed,Removed,Removed
S455_CSP_1.fastq.gz,BF455,135_3,MPS0135,3,3,3,Removed,Removed,Removed,Removed,Removed
S456_CSP_1.fastq.gz,BF456,37_5,MPS0037,5,9427,6328,6327,6327,6327,6327,1
S457_CSP_1.fastq.gz,BF457,136_4,MPS0136,4,22,15,Removed,Removed,Removed,Removed,Removed
S458_CSP_1.fastq.gz,BF458,478_5,MPS0478,5,5230,3743,3743,3743,3743,3743,1
S459_CSP_1.fastq.gz,BF459,151_3,MPS0151,3,8,4,Removed,Removed,Removed,Removed,Removed
S460_CSP_1.fastq.gz,BF460,147_5,MPS0147,5,6,2,Removed,Removed,Removed,Removed,Removed
S461_CSP_1.fastq.gz,BF461,477_6,MPS0477,6,3,0,Removed,Removed,Removed,Removed,Removed
S462_CSP_1.fastq.gz,BF462,139_1,MPS0139,1,9650,6391,6348,6348,5843,5843,3
S463_CSP_1.fastq.gz,BF463,478_2,MPS0478,2,5061,3653,3653,3653,3653,3653,1
S464_CSP_1.fastq.gz,BF464,478_4,MPS0478,4,3,1,Removed,Removed,Removed,Removed,Removed
S465_CSP_1.fastq.gz,BF465,156_6,MPS0156,6,1,0,Removed,Removed,Removed,Removed,Removed
S466_CSP_1.fastq.gz,BF466,102_7,MPS0102,7,13369,9095,9083,9083,9083,9038,1
S467_CSP_1.fastq.gz,BF467,102_6,MPS0102,6,16935,11907,11680,11680,10831,10766,5
S468_CSP_1.fastq.gz,BF468,99_5,MPS0099,5,5495,3867,3855,3855,3743,3743,3
S469_CSP_1.fastq.gz,BF469,61_3,MPS0061,3,8,8,Removed,Removed,Removed,Removed,Removed
S470_CSP_1.fastq.gz,BF470,61_4,MPS0061,4,11368,8611,8610,8610,8610,8610,1
S471_CSP_1.fastq.gz,BF471,75_2,MPS0075,2,11850,8775,8618,8618,7581,7581,5
S472_CSP_1.fastq.gz,BF472,102_1,MPS0102,1,5,5,Removed,Removed,Removed,Removed,Removed
S473_CSP_1.fastq.gz,BF473,100_4,MPS0100,4,10199,7433,7354,7354,6945,6945,4
S474_CSP_1.fastq.gz,BF474,100_3,MPS0100,3,11074,7683,7642,7642,6717,6678,4
S475_CSP_1.fastq.gz,BF475,99_3,MPS0099,3,11021,7680,7594,7594,6843,6843,3
S476_CSP_1.fastq.gz,BF476,39_6,MPS0039,6,6,4,Removed,Removed,Removed,Removed,Removed
S477_CSP_1.fastq.gz,BF477,40_3,MPS0040,3,5,3,Removed,Removed,Removed,Removed,Removed
S478_CSP_1.fastq.gz,BF478,40_5,MPS0040,5,12701,9200,9000,9000,7113,6900,6
S479_CSP_1.fastq.gz,BF479,42_1,MPS0042,1,1519,1114,1114,1114,1114,1114,1
S480_CSP_1.fastq.gz,BF480,52_4,MPS0052,4,5431,4122,4120,4120,4120,4120,1
S481_CSP_1.fastq.gz,BF481,52_6,MPS0052,6,12522,9176,9171,9171,9171,9166,1
S482_CSP_1.fastq.gz,BF482,9455_5,MPS9455,5,12332,8742,8731,8731,8623,8623,3
S483_CSP_1.fastq.gz,BF483,45_4,MPS0045,4,7362,5395,5239,5239,4831,4816,6
S484_CSP_1.fastq.gz,BF484,9456_3,MPS9456,3,7947,5752,5634,5634,4650,4617,6
S485_CSP_1.fastq.gz,BF485,9344_7,MPS9344,7,10,5,Removed,Removed,Removed,Removed,Removed
S486_CSP_1.fastq.gz,BF486,9326_5,MPS9326,5,18549,12821,12488,12488,9704,9541,7
S487_CSP_1.fastq.gz,BF487,9326_6,MPS9326,6,20909,15140,15140,15140,15140,15140,1
S488_CSP_1.fastq.gz,BF488,9340_7,MPS9340,7,13095,9408,9347,9347,8876,8843,5
S489_CSP_1.fastq.gz,BF489,9350_4,MPS9350,4,9243,6628,6610,6610,5915,5915,2
S490_CSP_1.fastq.gz,BF490,9461_4,MPS9461,4,8,3,Removed,Removed,Removed,Removed,Removed
S491_CSP_1.fastq.gz,BF491,9461_8,MPS9461,8,4,1,Removed,Removed,Removed,Removed,Removed
S492_CSP_1.fastq.gz,BF492,9455_4,MPS9455,4,5643,3930,3930,3930,3930,3930,1
S493_CSP_1.fastq.gz,BF493,109_6,MPS0109,6,8,2,Removed,Removed,Removed,Removed,Removed
S494_CSP_1.fastq.gz,BF494,58_2,MPS0058,2,10,6,Removed,Removed,Removed,Removed,Removed
S495_CSP_1.fastq.gz,BF495,108_5,MPS0108,5,5,3,Removed,Removed,Removed,Removed,Removed
S496_CSP_1.fastq.gz,BF496,108_4,MPS0108,4,17363,13013,12856,12856,12775,12699,1
S497_CSP_1.fastq.gz,BF497,107_11,MPS0107,11,11,4,Removed,Removed,Removed,Removed,Removed
S498_CSP_1.fastq.gz,BF498,106_9,MPS0106,9,6,3,Removed,Removed,Removed,Removed,Removed
S499_CSP_1.fastq.gz,BF499,106_6,MPS0106,6,13318,9756,9510,9510,8598,8598,5
S500_CSP_1.fastq.gz,BF500,106_10,MPS0106,10,6,4,Removed,Removed,Removed,Removed,Removed
S501_CSP_1.fastq.gz,BF501,103_5,MPS0103,5,7,2,Removed,Removed,Removed,Removed,Removed
S502_CSP_1.fastq.gz,BF502,37_6,MPS0037,6,12267,8670,8587,8587,8248,8248,3
S503_CSP_1.fastq.gz,BF503,103_4,MPS0103,4,6,3,Removed,Removed,Removed,Removed,Removed
S504_CSP_1.fastq.gz,BF504,102_8,MPS0102,8,2,2,Removed,Removed,Removed,Removed,Removed
S505_CSP_1.fastq.gz,BF505,454_4,MPS0454,4,10134,7803,7742,7742,7422,7422,4
S506_CSP_1.fastq.gz,BF506,454_5,MPS0454,5,4351,3248,3239,3239,3239,3239,2
S507_CSP_1.fastq.gz,BF507,454_6,MPS0454,6,16878,12164,12110,12110,11722,11284,2
S508_CSP_1.fastq.gz,BF508,477_2,MPS0477,2,20354,15007,14993,14993,14860,14860,3
S509_CSP_1.fastq.gz,BF509,102_5,MPS0102,5,20,9,Removed,Removed,Removed,Removed,Removed
S510_CSP_1.fastq.gz,BF510,102_4,MPS0102,4,17968,12266,12169,12169,11975,11975,3
S511_CSP_1.fastq.gz,BF511,39_5,MPS0039,5,9527,6873,6873,6873,6873,6873,1
S512_CSP_1.fastq.gz,BF512,3D7bs,Control,Control,13478,9917,9917,9917,9917,Removed,Removed
S513_CSP_1.fastq.gz,BF513,3D7,Control,Control,21857,15163,15163,15163,15163,Removed,Removed
S514_CSP_1.fastq.gz,BF514,7g83D7Dd2,Control,Control,45792,31714,31492,31492,31458,Removed,Removed
